,offers,bids
disp,185.743951190327,-37.19105086009757
wind,150.0,68.29242287929644
water,192.92719637359053,-0.29263427318630963
