,offers,bids
disp,183.1380059334,-37.455663508823456
wind,,64.62812407295462
water,252.87921187112707,9.628687647802208
