,offers,bids
disp,295.27287922736764,-171.493293127599
wind,,48.9932031641257
water,543.04952791599,-101.49985116171132
