,offers,bids
disp,223.83552726347307,-63.90030190875364
wind,,59.98156508307949
water,245.25870416594944,-28.69848016052499
