,offers,bids
disp,215.7240598155304,-75.59234160667488
wind,1500.0,55.824206581161995
water,264.7143446565042,-18.7699963077717
