,offers,bids
disp,178.08820066284594,-44.337650545784626
wind,,67.47985731087275
water,207.57205140599277,4.6728729401736135
