,offers,bids
disp,182.43624642020987,-58.93885094625779
wind,,65.6931416581025
water,361.21410347179807,-10.410907253863202
