,offers,bids
disp,166.92975187212397,-37.577187259619265
wind,,70.33957879469578
water,203.09714557529634,2.729615906926333
