,offers,bids
disp,286.1632649449822,-148.24036144264448
wind,,45.723404100039296
water,552.5813189575008,-98.97238180996801
