,offers,bids
disp,189.39029628310183,-39.71836692354043
wind,,66.73767806681226
water,257.88692566297397,8.432553509839467
