,offers,bids
disp,221.1427170578846,-79.17244477590341
wind,,53.64214007836283
water,370.603695659328,-30.003832443247664
