,offers,bids
disp,267.9913265277724,-88.02825579528623
wind,154.24973767051418,55.99383962495264
water,287.31459423119384,-15.96193708431855
