,offers,bids
disp,186.09285408706629,-76.18713158177029
wind,,59.73141500036793
water,382.3846575193269,-21.712768316883402
