,offers,bids
disp,244.8700682285852,-90.85737242331099
wind,150.0,58.86132408922546
water,297.0365738203083,-9.311890754744415
