,offers,bids
disp,212.55380404423383,-75.65739806249883
wind,1500.0,56.29743541517776
water,251.46299209360407,-13.906792089281371
