,offers,bids
disp,207.47858030561065,-99.10292615496434
wind,,54.95278462979288
water,406.4326219485537,-54.657444594969
