,offers,bids
disp,191.81491514636045,-73.45421642252523
wind,,60.69216655765736
water,258.26201114516715,-17.388484478925516
