,offers,bids
disp,224.13829922638539,-71.7626673313953
wind,,59.97639622282765
water,245.25870416594944,-30.029873916099465
