,offers,bids
disp,300.1227418402097,-94.10611873318463
wind,154.24973767051418,50.28523286358335
water,361.1737006592733,-32.87258788077227
