,offers,bids
disp,322.90026015129996,-124.47253943135554
wind,150.089250297501,53.39023359525936
water,420.47891177145266,-76.71648012345294
