,offers,bids
disp,396.41272295516114,-170.65398712438972
wind,,47.190968426976596
water,543.1894808308494,-108.4015981684079
