,offers,bids
disp,280.20950881445145,-121.91920754377641
wind,,52.35780694062043
water,392.15856666945075,-41.15259674750459
