,offers,bids
disp,216.30724845858077,-80.413498324264
wind,,57.96552939516329
water,274.28044191846743,-5.547378746264846
