,offers,bids
disp,131.50516407097092,-44.73723368940364
wind,-35.0,83.13772288536428
water,124.99657614308563,10.022085743600096
