,offers,bids
disp,131.62999647237362,-59.493868777496
wind,787.5396145610279,77.29321889837054
water,128.49433096154206,5.959987746941421
