,offers,bids
disp,142.9076371130736,-65.24572167507986
wind,9999.0,84.36988182719622
water,149.1827255712993,-14.210132278144341
