,offers,bids
disp,153.04854967348373,-56.82779231938655
wind,,57.619602261507005
water,160.29711053986367,-18.291022475373897
