,offers,bids
disp,236.2747526131506,-140.57929883722295
wind,,48.41255433559273
water,345.5206933450373,-51.30224483821342
