,offers,bids
disp,130.15520431172163,-42.88407800523296
wind,99.99999999999999,88.42385441534587
water,159.83232802782592,23.117996039973196
