,offers,bids
disp,189.19755221139894,-80.42180796761333
wind,79.42857142857143,60.477967164696906
water,219.40300735407826,-7.971288179453901
