,offers,bids
disp,130.1434847395065,-42.81664367763528
wind,99.99999999999999,88.96669174978423
water,123.6048727885346,21.636764793497008
