,offers,bids
disp,209.1437206339329,-97.08115040124187
wind,79.42857142857143,58.29414826049389
water,815.3075572117012,-10.722002685699104
