,offers,bids
disp,165.23538084099155,-42.74119340025433
wind,,76.4590341732181
water,149.08668103085648,3.535543639183968
