,offers,bids
disp,130.29798047400428,-43.210977721027184
wind,100.0,111.22058895724531
water,126.31927599157777,10.337921480087603
