,offers,bids
disp,134.67697466359238,-52.9662351997101
wind,103.96641136504017,81.84914838481745
water,128.7767087952931,2.564065731965324
