,offers,bids
disp,138.78407835810503,-53.22676601125675
wind,199.99999999999997,75.35783189495912
water,130.1719318857707,5.387696823708592
