,offers,bids
disp,177.96625007286616,-68.05343235587921
wind,,69.98934678747499
water,188.7930750896001,-14.028998284104356
