,offers,bids
disp,226.42839870676684,-88.72967789085509
wind,,54.532450386194355
water,287.196189141224,-7.584650016902759
