,offers,bids
disp,158.05519050980453,-40.07003796523161
wind,,77.56946692525231
water,153.77448115514815,6.01322886413452
