,offers,bids
disp,143.51667381239758,-31.003036596695775
wind,,78.05939254478493
water,151.0335065038743,12.737530310908742
