,offers,bids
disp,134.3017533264247,-54.39499836254721
wind,199.99999999999997,75.43977947975323
water,141.4879418134707,-5.38429763441648
