,offers,bids
disp,152.8845577939014,-66.40994073563252
wind,2777.5602845207936,83.33563651088373
water,148.8667455634527,-0.0676708990526422
