,offers,bids
disp,137.38837216108797,-49.36178887709864
wind,400.0,77.78165573924876
water,128.26353245177864,11.858616938313418
