,offers,bids
disp,170.91833668945236,-68.30534376386731
wind,998.9999999999999,79.15232015355407
water,169.281021500339,-7.504353591119657
