,offers,bids
disp,133.09565162343623,-52.33060376242534
wind,,65.85454782438507
water,137.31415598806166,-4.437039962157721
