,offers,bids
disp,161.84255432145963,-69.00660188918678
wind,998.9999999999999,79.20099843365655
water,166.77024094304693,-4.9189102497422255
