,offers,bids
disp,136.87637476331793,-62.72427182008675
wind,9999.0,83.12121701582878
water,148.68601125544606,-8.954921470727479
