,offers,bids
disp,133.0322320176469,-42.4159302676575
wind,400.0,77.9059006642454
water,128.1970452797218,10.776953327868025
