,offers,bids
disp,158.510532353206,-54.09356510802109
wind,,62.515716135404595
water,145.46428067721143,-15.233789998955231
