,offers,bids
disp,222.3313458924138,-99.50223504419799
wind,,56.69827459025261
water,780.5219372131498,-10.317147525415361
