,offers,bids
disp,180.9237778370972,-71.6272716758193
wind,,66.83050166376572
water,183.54402970216225,-17.63383713100557
