,offers,bids
disp,126.25535246485423,-18.856563207222404
wind,1500.0,38.879586448234285
water,102.36402599678412,-17.444770294326172
