,offers,bids
disp,116.45981146788112,-13.588103008816825
wind,500.0,49.54962590336932
water,114.25482779898489,-1.6770271760670685
