,offers,bids
disp,115.1598103288758,-39.51639467624309
wind,1459.3783783783786,62.10131153218198
water,106.2063547510281,-1.61283116094595
