,offers,bids
disp,114.1109970227369,-34.47928857352071
wind,216.55223883580635,57.04188817726714
water,105.20556770743443,-3.2508393894513046
