,offers,bids
disp,110.78398104863986,-31.52357936655626
wind,1500.0000000000002,46.86416039705184
water,99.75144024212109,-5.132850369188501
