,offers,bids
disp,117.5017665486929,-34.16592236827754
wind,239.44504569896404,57.43750120675319
water,103.57267252254292,-3.317718376837094
