,offers,bids
disp,140.2969721108155,-45.15381553246632
wind,9139.531773435885,35.80070916450211
water,143.72609505786164,-13.237591480045829
