,offers,bids
disp,111.00489986055518,-32.25723683424425
wind,1500.0000000000002,51.280040768797704
water,103.43157665072734,-4.981750824575691
