,offers,bids
disp,137.22008155859987,-44.039900969256664
wind,2041.5641388154415,43.18242186984368
water,139.4472919535155,-10.544109458592654
