,offers,bids
disp,115.55050575170236,-17.27118484112708
wind,500.0,51.26235734483446
water,116.69196152004062,-5.873831420199022
