,offers,bids
disp,104.58664336312555,-37.46372746645926
wind,,56.545044264442076
water,95.7932682362918,-8.219906069235591
