,offers,bids
disp,114.20133793303938,-36.674373783936964
wind,1459.3783783783786,60.97392274670826
water,106.37870622396213,-1.8332799858667865
