,offers,bids
disp,117.78461964597071,-15.642058455810252
wind,500.0,45.60069563516027
water,113.01013724226333,-2.2558485964254684
