,offers,bids
disp,119.4001671926035,-34.713925775022034
wind,,45.48946386752779
water,140.63471569821195,-13.573331083145984
