,offers,bids
disp,112.09362839832616,-31.621766898801678
wind,1459.3783783783786,61.94152921693173
water,102.2669140826172,-0.04601601485936329
