,offers,bids
disp,109.81739008761892,-37.654175561463624
wind,,50.76527158696341
water,94.60251461547519,-13.482268420238595
