,offers,bids
disp,127.63989195831971,-38.16479155197249
wind,1080.2395963320496,45.7818111597931
water,156.04751335131527,-5.960008666952858
