,offers,bids
disp,130.1922509667535,-39.35029725704674
wind,,57.61537848355264
water,108.6894308319299,3.554187388477793
