,offers,bids
disp,118.60023289224657,-35.37007634712019
wind,,51.58065687510339
water,131.33700144748627,-14.831830476355869
