,offers,bids
disp,122.8245727931869,-34.28770947048713
wind,,52.41005524274863
water,95.83494858642976,-6.482669247917138
