,offers,bids
disp,130.09121516905546,-38.569562283318845
wind,,56.72260587660882
water,107.82563672377444,3.7788240055061935
