,offers,bids
disp,119.78254823167916,-35.34300438537488
wind,546.643302846737,58.827787634893674
water,129.318413065659,-9.744408972602841
