,offers,bids
disp,129.38440555556542,-41.09485886899419
wind,1081.1827395806968,46.0994994951275
water,156.18280094891867,-7.086258414538492
