,offers,bids
disp,133.15538765485442,-42.07353954756639
wind,1081.1827395806968,45.78212743327963
water,170.82525392160926,-7.060398994203824
