,offers,bids
disp,143.76747664223726,-49.48076293727659
wind,500.0,18.56849545554644
water,153.6586212036136,-39.36548797694646
