,offers,bids
disp,141.19771729026616,-66.85476066604525
wind,,29.358436230999917
water,141.24408336946018,-25.498181291417144
