,offers,bids
disp,126.28535178429844,-25.89214803925998
wind,9304.230979095877,44.84874294702456
water,120.49791696987269,0.7916189264539544
