,offers,bids
disp,150.60626029717028,-67.22838509890198
wind,,17.320464663230236
water,166.72102940503393,-33.95572345904549
