,offers,bids
disp,141.20457937269035,-50.17283078244178
wind,1500.0,30.1186803403415
water,141.05058096843217,-23.56670481870276
