,offers,bids
disp,254.5752369902944,-89.03438050371649
wind,150.0,65.24500150840831
water,309.78454567388263,-7.312799295766281
