,offers,bids
disp,168.966109934187,-48.31671278111758
wind,,66.0421057730732
water,207.57205140599277,1.7054937682762608
