,offers,bids
disp,258.58202414229055,-88.40597481111183
wind,154.24973767051418,57.50373442559439
water,304.6291050879931,-10.853547357614149
