,offers,bids
disp,188.09204878344724,-36.95589450580604
wind,,66.98580787025485
water,252.87921187112704,11.487928299851871
