,offers,bids
disp,215.8793707572828,-76.42324514355934
wind,1500.0,57.52181771531485
water,241.85552773787464,-4.188798141288158
