,offers,bids
disp,320.8044604787028,-113.57163949624828
wind,150.089250297501,51.8449723793887
water,431.3623974728865,-82.6805422931016
