,offers,bids
disp,212.1572951226994,-55.36307559480976
wind,,60.59917390491363
water,263.62117739927237,-44.49466051110614
