,offers,bids
disp,184.44856218985447,-63.56822476959734
wind,,63.2571143165155
water,268.9215514148821,-9.459645717001003
