,offers,bids
disp,235.03514533118766,-128.46072351457795
wind,,51.54991097583691
water,451.5973718898381,-57.688982120178835
