,offers,bids
disp,322.8568525337997,-172.51853425911466
wind,1499.9999999999998,53.41139284429497
water,536.4063189442863,-101.87326505862238
