,offers,bids
disp,324.3642403320241,-158.59953873754012
wind,150.089250297501,52.91928054029582
water,456.5966023497609,-85.99486047076167
