,offers,bids
disp,262.3436729663019,-91.51464618156125
wind,150.0,51.945626014036
water,374.87371830656497,-53.57996262894924
