,offers,bids
disp,231.36340482775245,-54.05434766398179
wind,150.0,66.2182257299258
water,260.0909248063513,1.1334595951679016
