,offers,bids
disp,223.92661611836658,-74.95485866356746
wind,1500.0,55.53601986308534
water,272.30475541101157,-24.743893925482276
