,offers,bids
disp,326.92295425226297,-101.53733933613599
wind,150.0,48.95831866796125
water,401.39393578733353,-73.68628851129102
