,offers,bids
disp,182.53402772059204,-42.011038449913684
wind,,67.75834392989455
water,214.0337726737398,1.110713642746771
