,offers,bids
disp,262.23294707188694,-104.43977327117206
wind,,64.58437082849689
water,327.9795933567368,-14.864577727343685
