,offers,bids
disp,198.83200781208964,-46.38937010014754
wind,150.0,65.81172187305597
water,234.261168658938,1.3711070966782966
