,offers,bids
disp,184.44947411280336,-36.419390046491586
wind,,64.3223380245776
water,202.2890550082738,11.773822669561467
