,offers,bids
disp,239.64702978689238,-73.84734660255609
wind,150.0,64.94044124460478
water,283.8019905784199,-6.006363356578218
