,offers,bids
disp,300.31362205298063,-90.56446040904004
wind,154.24973767051418,52.41016817102593
water,335.7667155707523,-24.272478150390647
