,offers,bids
disp,174.91714730449007,-38.90356352075803
wind,,67.6732134310429
water,201.56958869483904,3.889878538541966
