,offers,bids
disp,282.2203328206877,-131.29224264172743
wind,,42.303755346458246
water,479.72190039486134,-58.818937481542214
