,offers,bids
disp,250.42492470066648,-87.21691089804465
wind,,56.20951061114841
water,275.4869330162831,-12.599292465329835
