,offers,bids
disp,189.95050500224988,-53.335732794319355
wind,,65.75057146526025
water,320.39660180232505,0.4052343562835184
