,offers,bids
disp,227.0518551149774,-100.25080135987739
wind,,54.655520253223
water,774.7741325554465,-13.595988525499424
