,offers,bids
disp,132.03141545330857,-33.738003374298444
wind,-35.0,65.98259123299313
water,121.39701673319111,-6.318702190968427
