,offers,bids
disp,131.97195381467625,-46.54802286321282
wind,103.96641136504017,86.027726879308
water,126.82523666032675,10.91928144903105
