,offers,bids
disp,149.82634314517554,-56.08524999983758
wind,,54.90796518659493
water,156.95658980729308,-11.19932998660268
