,offers,bids
disp,134.84197783497592,-47.144408911745906
wind,-7.96106504609363,87.05422468049844
water,175.2156666239953,21.698097799316354
