,offers,bids
disp,185.5678400082449,-82.66980198234762
wind,79.42857142857143,60.85319010888396
water,219.14963044957167,-12.472200900910552
