,offers,bids
disp,128.68121873598292,-56.37149440036205
wind,,55.81037311785487
water,137.7437565505989,-5.69062997764749
