,offers,bids
disp,230.36718675629152,-130.1219864825431
wind,,52.977136746326394
water,333.5698273754864,-28.04504724918196
