,offers,bids
disp,133.13463012430427,-52.58441002278941
wind,-35.0,84.02752825411594
water,147.69262464826878,21.423151582537034
