,offers,bids
disp,133.701125887693,-58.24708139746369
wind,103.96636236735807,78.64132393692705
water,128.49798243728202,6.301833915713371
