,offers,bids
disp,149.77249535197552,-38.88389570658495
wind,,76.3515151254216
water,159.41125311361048,8.43810855936122
