,offers,bids
disp,181.56584540460105,-86.69838830232948
wind,,65.04605315002793
water,202.40950837385196,-12.788221844232261
