,offers,bids
disp,181.0538320191261,-84.71420183153222
wind,,68.04801950966569
water,187.14076763933022,-12.364525734022662
