,offers,bids
disp,158.47762131734524,-47.458330411582864
wind,,70.61167570162213
water,146.03922766610015,-3.4408589560623355
