,offers,bids
disp,227.18921732041656,-93.5538552598075
wind,,54.728606420361835
water,309.70996965938474,-7.732815679653064
