,offers,bids
disp,175.14812644575622,-67.73688569693951
wind,998.9999999999999,77.1945961288888
water,174.0000832510962,-2.718230498517601
