,offers,bids
disp,129.83920415019801,-33.48542857839271
wind,103.98323987693534,95.77601966994366
water,125.29420535304169,10.97064123152782
