,offers,bids
disp,131.22655408023996,-49.04124454922551
wind,99.99999999999999,87.5184678419583
water,174.50338919639313,21.56754842574993
