,offers,bids
disp,180.1003223646412,-87.32338977025427
wind,72.0,64.36397639803516
water,217.5512602847068,-14.118248989750578
