,offers,bids
disp,130.82821079593685,-34.87416759501062
wind,-35.0,67.65047877520658
water,121.00928584485521,-4.784095972452913
