,offers,bids
disp,133.17279332863296,-56.61235784869393
wind,9999.0,84.55893502463846
water,145.7796539087341,-4.292064166037696
