,offers,bids
disp,223.33210886480563,-95.02533327917716
wind,150.0,55.23389794494168
water,881.8156471837807,-13.472055946634416
