,offers,bids
disp,140.98820953834928,-32.4980667371405
wind,,78.71673404505673
water,139.6877799000531,12.280012969894537
