,offers,bids
disp,158.87040532356298,-44.43735430810304
wind,,75.90538387717116
water,149.02556791285323,-2.624105638602821
