,offers,bids
disp,139.0981064546807,-46.09257604641687
wind,9302.206408452968,40.51433686816181
water,164.75569664593715,-17.10914637876944
