,offers,bids
disp,113.77909683237803,-16.599530000469468
wind,500.0,56.47441085508351
water,109.73065626838388,-0.8612753457817858
