,offers,bids
disp,140.35289428053554,-45.45139506911249
wind,9302.206408452968,37.63333740169217
water,164.9304167478244,-20.41309479047803
