,offers,bids
disp,112.0656721645943,-35.771172375478535
wind,502.1405614846808,52.332014115546926
water,111.54496935580048,-7.7196828073432355
