,offers,bids
disp,106.99962729817463,-31.239579428920877
wind,,61.011587082430744
water,100.08194764151678,-2.6370436103014256
