,offers,bids
disp,129.46501864731627,-23.429938765911068
wind,4467.925749439885,48.16869228438352
water,93.74270512140117,-5.945394342987781
