,offers,bids
disp,122.67806360069787,-28.734443131969368
wind,,52.426085898080856
water,80.29326142640141,1.2159808427208856
