,offers,bids
disp,118.37186147761749,-33.35201009543327
wind,239.25493892392407,59.46071407044434
water,107.276458420422,-5.172379296865509
