,offers,bids
disp,113.68810923762416,-23.63723710178745
wind,1500.0000000000002,53.22057350762335
water,106.49355313142932,-6.79572216726374
