,offers,bids
disp,117.32932233325852,-38.152239458759894
wind,1500.0,56.661721205293865
water,131.2340825536454,-16.249576911420085
