,offers,bids
disp,111.54794862003033,-34.4504840881271
wind,500.9148032091754,50.593255693787555
water,110.6951897898378,-13.631927097681151
