,offers,bids
disp,132.32001085969952,-38.98662570788882
wind,,54.15412611997079
water,105.1585734569794,-0.22504092895202593
