,offers,bids
disp,137.27323103421784,-22.668528867823888
wind,500.70822560401973,38.681884814311225
water,100.51528512097468,-20.117941275605872
