,offers,bids
disp,120.79978862090135,-29.16237526055011
wind,,52.23191084513927
water,80.30691940495757,-1.851000451486921
