,offers,bids
disp,130.5852364285526,-37.06232340336628
wind,7222.604760611114,47.697462928716426
water,154.91655768124895,-4.169321686150326
