,offers,bids
disp,121.97267218470222,-35.173694141133424
wind,1115.4109975688923,44.56342105774012
water,157.37105969413236,-9.372911414677109
