,offers,bids
disp,113.6771857562093,-33.569143713958034
wind,501.3032375593401,33.72671215356316
water,108.65552175349352,-26.544171682266196
