,offers,bids
disp,128.03747588534495,-19.38812665091071
wind,5669.882303701492,48.67106772672228
water,86.50172558372674,-5.337968753395619
