,offers,bids
disp,132.32222719061505,-21.09701922219542
wind,500.70822560401973,41.86673003044209
water,101.69455673361416,-16.123844296493488
