,offers,bids
disp,125.57314469070221,-10.674200902148426
wind,9999.0,50.155843610121785
water,86.42203616113272,-1.567233408210966
