,offers,bids
disp,118.41031600217379,-35.72076993571457
wind,,52.50200509950542
water,94.3437657827705,-8.396696844968986
