,offers,bids
disp,130.35750932560924,-39.047071518651535
wind,1459.3783783783786,60.9805211023966
water,105.38114768199272,0.4162106185226707
