,offers,bids
disp,118.00148741657969,-13.512745357505366
wind,500.0,47.69427846436425
water,117.4044436575329,-7.676936736462244
