,offers,bids
disp,130.8194001692627,-53.84526742309103
wind,,56.01440364313435
water,117.69625987525424,1.5051506044671894
