,offers,bids
disp,138.2434502989525,-45.30132254118739
wind,9302.206408452968,41.15649214117018
water,173.4345658651258,-13.316186285791831
