,offers,bids
disp,115.46004219970102,-31.272481749423505
wind,250.2685284514086,57.247905483931106
water,105.97127527303303,-0.03214550754275022
