,offers,bids
disp,110.68540405496562,-37.24095394829177
wind,,51.4420982883454
water,91.41188684545344,-12.983216563103172
