,offers,bids
disp,134.9193279106609,-30.134646245701898
wind,4466.701458158049,44.94170650550803
water,96.933742995595,-10.985837602289125
