,offers,bids
disp,136.41647469519992,-41.700281081167645
wind,8950.393452411909,27.033990626534592
water,138.36996420455498,-19.006191096499986
