,offers,bids
disp,132.45222963932946,-42.89899429652876
wind,9882.470683212576,31.371602138210168
water,137.47970095147016,-12.379243279047044
