,offers,bids
disp,129.81704309988694,-47.15073082648263
wind,9998.662665823163,37.3982301077402
water,122.85339828359147,-18.130116301672413
