,offers,bids
disp,148.04786615167424,-52.37195233142153
wind,500.0,21.843183118181233
water,154.99656430382572,-35.65833603044111
