,offers,bids
disp,125.98175146480398,-39.46422364914443
wind,6451.399321536367,43.657738510597
water,122.25758372192782,-8.136713341244786
