,offers,bids
disp,137.36395878767956,-41.80607220532229
wind,1500.0,29.814049618312293
water,146.69451400685438,-23.338072636123893
