,offers,bids
disp,125.14186305216518,-36.566964785901746
wind,9304.230979095877,42.16887218795474
water,119.69927005705273,-2.9067579460283355
