,offers,bids
disp,139.03494414667077,-47.96728193324969
wind,9998.611215486011,30.658218761210378
water,135.7787485198497,-27.196358754623397
