,offers,bids
disp,147.2104548335207,-68.82124762871575
wind,,28.440815601714284
water,142.20853270653134,-27.68507524295619
