,offers,bids
disp,148.1752933062355,-72.25084715725878
wind,,27.677202576868797
water,149.34409502498278,-28.042510577161405
