,offers,bids
disp,127.42887629111387,-40.12562164051852
wind,9882.470683212576,31.88549185920603
water,132.66427220510306,-9.740266698530082
