,offers,bids
disp,135.56831873460237,-41.20779266529965
wind,1372.1750963184638,26.146271911306464
water,149.87778982628117,-18.317274842159243
